Model,Gov_coeff,Gov_pvalue,R2
Pooled OLS,-156.87953443097277,4.262093286831943e-95,0.7327612428325208
Country FE,-163.69655070417454,2.7056133322015642e-08,0.10551549420108985
